title,price,rating
A Light in the Attic,Â£51.77,Three
Tipping the Velvet,Â£53.74,One
Soumission,Â£50.10,One
Sharp Objects,Â£47.82,Four
Sapiens: A Brief History of Humankind,Â£54.23,Five
The Requiem Red,Â£22.65,One
The Dirty Little Secrets of Getting Your Dream Job,Â£33.34,Four
"The Coming Woman: A Novel Based on the Life of the Infamous Feminist, Victoria Woodhull",Â£17.93,Three
The Boys in the Boat: Nine Americans and Their Epic Quest for Gold at the 1936 Berlin Olympics,Â£22.60,Four
The Black Maria,Â£52.15,One
"Starving Hearts (Triangular Trade Trilogy, #1)",Â£13.99,Two
Shakespeare's Sonnets,Â£20.66,Four
Set Me Free,Â£17.46,Five
Scott Pilgrim's Precious Little Life (Scott Pilgrim #1),Â£52.29,Five
Rip it Up and Start Again,Â£35.02,Five
"Our Band Could Be Your Life: Scenes from the American Indie Underground, 1981-1991",Â£57.25,Three
Olio,Â£23.88,One
Mesaerion: The Best Science Fiction Stories 1800-1849,Â£37.59,One
Libertarianism for Beginners,Â£51.33,Two
It's Only the Himalayas,Â£45.17,Two
In Her Wake,Â£12.84,One
How Music Works,Â£37.32,Two
"Foolproof Preserving: A Guide to Small Batch Jams, Jellies, Pickles, Condiments, and More: A Foolproof Guide to Making Small Batch Jams, Jellies, Pickles, Condiments, and More",Â£30.52,Three
Chase Me (Paris Nights #2),Â£25.27,Five
Black Dust,Â£34.53,Five
Birdsong: A Story in Pictures,Â£54.64,Three
America's Cradle of Quarterbacks: Western Pennsylvania's Football Factory from Johnny Unitas to Joe Montana,Â£22.50,Three
Aladdin and His Wonderful Lamp,Â£53.13,Three
Worlds Elsewhere: Journeys Around Shakespeareâs Globe,Â£40.30,Five
Wall and Piece,Â£44.18,Four
The Four Agreements: A Practical Guide to Personal Freedom,Â£17.66,Five
The Five Love Languages: How to Express Heartfelt Commitment to Your Mate,Â£31.05,Three
The Elephant Tree,Â£23.82,Five
The Bear and the Piano,Â£36.89,One
Sophie's World,Â£15.94,Five
Penny Maybe,Â£33.29,Three
Maude (1883-1993):She Grew Up with the country,Â£18.02,Two
"In a Dark, Dark Wood",Â£19.63,One
Behind Closed Doors,Â£52.22,Four
You can't bury them all: Poems,Â£33.63,Two
Slow States of Collapse: Poems,Â£57.31,Three
Reasons to Stay Alive,Â£26.41,Two
Private Paris (Private #10),Â£47.61,Five
#HigherSelfie: Wake Up Your Life. Free Your Soul. Find Your Tribe.,Â£23.11,Five
Without Borders (Wanderlove #1),Â£45.07,Two
When We Collided,Â£31.77,One
"We Love You, Charlie Freeman",Â£50.27,Five
Untitled Collection: Sabbath Poems 2014,Â£14.27,Four
"Unseen City: The Majesty of Pigeons, the Discreet Charm of Snails & Other Wonders of the Urban Wilderness",Â£44.18,Four
Unicorn Tracks,Â£18.78,Three
"Unbound: How Eight Technologies Made Us Human, Transformed Society, and Brought Our World to the Brink",Â£25.52,One
Tsubasa: WoRLD CHRoNiCLE 2 (Tsubasa WoRLD CHRoNiCLE #2),Â£16.28,One
Throwing Rocks at the Google Bus: How Growth Became the Enemy of Prosperity,Â£31.12,Three
This One Summer,Â£19.49,Four
Thirst,Â£17.27,Five
The Torch Is Passed: A Harding Family Story,Â£19.09,One
The Secret of Dreadwillow Carse,Â£56.13,One
"The Pioneer Woman Cooks: Dinnertime: Comfort Classics, Freezer Food, 16-Minute Meals, and Other Delicious Ways to Solve Supper!",Â£56.41,One
The Past Never Ends,Â£56.50,Four
The Natural History of Us (The Fine Art of Pretending #2),Â£45.22,Three
The Nameless City (The Nameless City #1),Â£38.16,Four
The Murder That Never Was (Forensic Instincts #5),Â£54.11,Three
The Most Perfect Thing: Inside (and Outside) a Bird's Egg,Â£42.96,Four
"The Mindfulness and Acceptance Workbook for Anxiety: A Guide to Breaking Free from Anxiety, Phobias, and Worry Using Acceptance and Commitment Therapy",Â£23.89,Four
The Life-Changing Magic of Tidying Up: The Japanese Art of Decluttering and Organizing,Â£16.77,Three
"The Inefficiency Assassin: Time Management Tactics for Working Smarter, Not Longer",Â£20.59,Five
The Gutsy Girl: Escapades for Your Life of Epic Adventure,Â£37.13,One
The Electric Pencil: Drawings from Inside State Hospital No. 3,Â£56.06,One
The Death of Humanity: and the Case for Life,Â£58.11,Four
"The Bulletproof Diet: Lose up to a Pound a Day, Reclaim Energy and Focus, Upgrade Your Life",Â£49.05,Three
The Art Forger,Â£40.76,Three
The Age of Genius: The Seventeenth Century and the Birth of the Modern Mind,Â£19.73,One
The Activist's Tao Te Ching: Ancient Advice for a Modern Revolution,Â£32.24,Five
Spark Joy: An Illustrated Master Class on the Art of Organizing and Tidying Up,Â£41.83,Four
Soul Reader,Â£39.58,Two
Security,Â£39.25,Two
"Saga, Volume 6 (Saga (Collected Editions) #6)",Â£25.02,Three
"Saga, Volume 5 (Saga (Collected Editions) #5)",Â£51.04,Two
Reskilling America: Learning to Labor in the Twenty-First Century,Â£19.83,Two
"Rat Queens, Vol. 3: Demons (Rat Queens (Collected Editions) #11-15)",Â£50.40,Three
"Princess Jellyfish 2-in-1 Omnibus, Vol. 01 (Princess Jellyfish 2-in-1 Omnibus #1)",Â£13.61,Five
Princess Between Worlds (Wide-Awake Princess #5),Â£13.34,Five
"Pop Gun War, Volume 1: Gift",Â£18.97,One
"Political Suicide: Missteps, Peccadilloes, Bad Calls, Backroom Hijinx, Sordid Pasts, Rotten Breaks, and Just Plain Dumb Mistakes in the Annals of American Politics",Â£36.28,Two
Patience,Â£10.16,Three
"Outcast, Vol. 1: A Darkness Surrounds Him (Outcast #1)",Â£15.44,Four
orange: The Complete Collection 1 (orange: The Complete Collection #1),Â£48.41,One
Online Marketing for Busy Authors: A Step-By-Step Guide,Â£46.35,One
On a Midnight Clear,Â£14.07,Three
Obsidian (Lux #1),Â£14.86,Two
My Paris Kitchen: Recipes and Stories,Â£33.37,Two
Masks and Shadows,Â£56.40,Two
"Mama Tried: Traditional Italian Cooking for the Screwed, Crude, Vegan, and Tattooed",Â£14.02,Four
"Lumberjanes, Vol. 2: Friendship to the Max (Lumberjanes #5-8)",Â£46.91,Two
"Lumberjanes, Vol. 1: Beware the Kitten Holy (Lumberjanes #1-4)",Â£45.61,Three
Lumberjanes Vol. 3: A Terrible Plan (Lumberjanes #9-12),Â£19.92,Two
"Layered: Baking, Building, and Styling Spectacular Cakes",Â£40.11,One
Judo: Seven Steps to Black Belt (an Introductory Guide for Beginners),Â£53.90,Two
Join,Â£35.67,Five
In the Country We Love: My Family Divided,Â£22.00,Four
Immunity: How Elie Metchnikoff Changed the Course of Modern Medicine,Â£57.36,Five
"I Hate Fairyland, Vol. 1: Madly Ever After (I Hate Fairyland (Compilations) #1-5)",Â£29.17,Two
I am a Hero Omnibus Volume 1,Â£54.63,Three
How to Be Miserable: 40 Strategies You Already Use,Â£46.03,One
Her Backup Boyfriend (The Sorensen Family #1),Â£33.97,One
"Giant Days, Vol. 2 (Giant Days #5-8)",Â£22.11,Two
Forever and Forever: The Courtship of Henry Longfellow and Fanny Appleton,Â£29.69,Three
First and First (Five Boroughs #3),Â£15.97,Four
Fifty Shades Darker (Fifty Shades #2),Â£21.96,One
Everydata: The Misinformation Hidden in the Little Data You Consume Every Day,Â£54.35,Two
"Don't Be a Jerk: And Other Practical Advice from Dogen, Japan's Greatest Zen Master",Â£37.97,Two
Danganronpa Volume 1,Â£51.99,Four
Crown of Midnight (Throne of Glass #2),Â£43.29,Three
"Codename Baboushka, Volume 1: The Conclave of Death",Â£36.72,Four
Camp Midnight,Â£17.08,Four
Call the Nurse: True Stories of a Country Nurse on a Scottish Isle,Â£29.14,Five
Burning,Â£28.81,Three
Bossypants,Â£49.46,Two
"Bitch Planet, Vol. 1: Extraordinary Machine (Bitch Planet (Collected Editions))",Â£37.92,Two
"Avatar: The Last Airbender: Smoke and Shadow, Part 3 (Smoke and Shadow #3)",Â£28.09,Two
Algorithms to Live By: The Computer Science of Human Decisions,Â£30.81,One
A World of Flavor: Your Gluten Free Passport,Â£42.95,One
"A Piece of Sky, a Grain of Rice: A Memoir in Four Meditations",Â£56.76,Five
A Murder in Time,Â£16.64,One
A Flight of Arrows (The Pathfinders #2),Â£55.53,Five
A Fierce and Subtle Poison,Â£28.13,Four
A Court of Thorns and Roses (A Court of Thorns and Roses #1),Â£52.37,One
(Un)Qualified: How God Uses Broken People to Do Big Things,Â£54.00,Five
You Are What You Love: The Spiritual Power of Habit,Â£21.87,Four
"William Shakespeare's Star Wars: Verily, A New Hope (William Shakespeare's Star Wars #4)",Â£43.30,Four
Tuesday Nights in 1980,Â£21.04,Two
Tracing Numbers on a Train,Â£41.60,Three
Throne of Glass (Throne of Glass #1),Â£35.07,Three
Thomas Jefferson and the Tripoli Pirates: The Forgotten War That Changed American History,Â£59.64,One
Thirteen Reasons Why,Â£52.72,One
The White Cat and the Monk: A Retelling of the Poem âPangur BÃ¡nâ,Â£58.08,Four
The Wedding Dress,Â£24.12,One
The Vacationers,Â£42.15,Four
The Third Wave: An Entrepreneurâs Vision of the Future,Â£12.61,Five
The Stranger,Â£17.44,Four
The Shadow Hero (The Shadow Hero),Â£33.14,One
The Secret (The Secret #1),Â£27.37,Four
The Regional Office Is Under Attack!,Â£51.36,Five
The Psychopath Test: A Journey Through the Madness Industry,Â£36.00,Two
The Project,Â£10.65,One
The Power of Now: A Guide to Spiritual Enlightenment,Â£43.54,Two
The Omnivore's Dilemma: A Natural History of Four Meals,Â£38.21,Two
The Nerdy Nummies Cookbook: Sweet Treats for the Geek in All of Us,Â£37.34,Five
The Murder of Roger Ackroyd (Hercule Poirot #4),Â£44.10,Four
The Mistake (Off-Campus #2),Â£43.29,Three
The Matchmaker's Playbook (Wingmen Inc. #1),Â£55.85,One
The Love and Lemons Cookbook: An Apple-to-Zucchini Celebration of Impromptu Cooking,Â£37.60,Two
The Long Shadow of Small Ghosts: Murder and Memory in an American City,Â£10.97,One
The Kite Runner,Â£41.82,Four
The House by the Lake,Â£36.95,One
The Glittering Court (The Glittering Court #1),Â£44.28,One
The Girl on the Train,Â£55.02,Two
The Genius of Birds,Â£17.24,One
The Emerald Mystery,Â£23.15,Two
The Cookies & Cups Cookbook: 125+ sweet & savory recipes reminding you to Always Eat Dessert First,Â£41.25,One
The Bridge to Consciousness: I'm Writing the Bridge Between Science and Our Old and New Beliefs.,Â£32.00,Three
The Artist's Way: A Spiritual Path to Higher Creativity,Â£38.49,Five
The Art of War,Â£33.34,Five
The Argonauts,Â£10.93,Two
The 10% Entrepreneur: Live Your Startup Dream Without Quitting Your Day Job,Â£27.55,Three
Suddenly in Love (Lake Haven #1),Â£55.99,Two
Something More Than This,Â£16.24,Four
Soft Apocalypse,Â£26.12,Two
So You've Been Publicly Shamed,Â£12.23,Two
Shoe Dog: A Memoir by the Creator of NIKE,Â£23.99,Two
"Shobu Samurai, Project Aryoku (#3)",Â£29.06,Three
Secrets and Lace (Fatal Hearts #1),Â£20.27,One
Scarlett Epstein Hates It Here,Â£43.55,Five
Romero and Juliet: A Tragic Tale of Love and Zombies,Â£36.94,One
Redeeming Love,Â£20.47,Five
Poses for Artists Volume 1 - Dynamic and Sitting Poses: An Essential Reference for Figure Drawing and the Human Form,Â£41.06,One
Poems That Make Grown Women Cry,Â£14.19,Four
"Nightingale, Sing",Â£38.28,One
Night Sky with Exit Wounds,Â£41.05,One
Mrs. Houdini,Â£30.25,Five
Modern Romance,Â£28.26,Five
Miss Peregrineâs Home for Peculiar Children (Miss Peregrineâs Peculiar Children #1),Â£10.76,One
Louisa: The Extraordinary Life of Mrs. Adams,Â£16.85,Two
Little Red,Â£13.47,Three
Library of Souls (Miss Peregrineâs Peculiar Children #3),Â£48.56,Five
Large Print Heart of the Pride,Â£19.15,Two
I Had a Nice Time And Other Lies...: How to find love & sh*t like that,Â£57.36,Four
Hollow City (Miss Peregrineâs Peculiar Children #2),Â£42.98,One
Grumbles,Â£22.16,Two
Full Moon over Noahâs Ark: An Odyssey to Mount Ararat and Beyond,Â£49.43,Four
Frostbite (Vampire Academy #2),Â£29.99,Five
Follow You Home,Â£21.36,One
First Steps for New Christians (Print Edition),Â£29.00,One
Finders Keepers (Bill Hodges Trilogy #2),Â£53.53,Five
"Fables, Vol. 1: Legends in Exile (Fables #1)",Â£41.62,Four
Eureka Trivia 6.0,Â£54.59,Four
Drive: The Surprising Truth About What Motivates Us,Â£34.95,Four
Done Rubbed Out (Reightman & Bailey #1),Â£37.72,Five
Doing It Over (Most Likely To #1),Â£35.61,Three
"Deliciously Ella Every Day: Quick and Easy Recipes for Gluten-Free Snacks, Packed Lunches, and Simple Meals",Â£42.16,Three
